title,author,price,rating,number_of_ratings,product_url
Harry Potter and the Cursed Child - Parts I & II,J. K. Rowling,$34.65,3.86,72,https://www.bookdepository.com/Harry-Potter-Cursed-Child-Parts-I-II-J-K-Rowling/9780751565355
Daisy Jones and The Six,Taylor Jenkins Reid,$22.29,4.24,964371,https://www.bookdepository.com/Daisy-Jones-Six-Taylor-Jenkins-Reid/9781787462144
It Ends With Us: The most heartbreaking novel you'll ever read,Colleen Hoover,$19.78,4.29,2290192,https://www.bookdepository.com/It-Ends-With-Us-most-heartbreaking-novel-youll-ever-read-Colleen-Hoover/9781471156267
The Original Rider Waite Tarot Deck,A.E. Waite,$24.04,4.28,207,https://www.bookdepository.com/Original-Rider-Waite-Tarot-Deck-E-Waite/9780712670579
Heaven Official's Blessing,Mo Xiang Tong Xiu,$33.10,4.68,13727,https://www.bookdepository.com/Heaven-Officials-Blessing-Mo-Xiang-Tong-Xiu/9781648279171
"Chainsaw Man, Vol. 1",Tatsuki Fujimoto,$17.78,4.38,52540,https://www.bookdepository.com/Chainsaw-Man-Vol-1-Tatsuki-Fujimoto/9781974709939
"Tomorrow, and Tomorrow, and Tomorrow",Gabrielle Zevin,$37.08,4.29,246602,https://www.bookdepository.com/Tomorrow-Tomorrow-Tomorrow-Gabrielle-Zevin/9781784744649
Harry Potter Box Set: The Complete Collection (Children's Paperback),J. K. Rowling,$118.45,4.74,277394,https://www.bookdepository.com/Harry-Potter-Box-Set-Complete-Collection-Childrens-Paperback-J-K-Rowling/9781408856772
A Court of Thorns and Roses,Sarah J. Maas,$21.68,4.2,1397414,https://www.bookdepository.com/Court-Thorns-Roses-Sarah-J-Maas/9781526605399
Throne of Glass,Sarah J. Maas,$21.19,4.19,988462,https://www.bookdepository.com/Throne-Glass-Sarah-J-Maas/9781408832332
"Vagabond (VIZBIG Edition), Vol. 1",Takehiko Inoue,$40.08,4.55,3559,https://www.bookdepository.com/Vagabond-VIZBIG-Edition-Vol-1-Takehiko-Inoue/9781421520544
Once Upon A Broken Heart,Stephanie Garber,$19.76,4.14,92216,https://www.bookdepository.com/Once-Upon-Broken-Heart-Stephanie-Garber/9781529380941
Throne of Glass,Sarah J. Maas,$21.19,4.19,988462,https://www.bookdepository.com/Throne-Glass-Sarah-J-Maas/9781408832332
The Secret History,Donna Tartt,$25.75,4.17,556185,https://www.bookdepository.com/Secret-History-Donna-Tartt/9780140167771
The Hobbit and the Lord of the Rings,J. R. R. Tolkien,$82.98,4.61,126575,https://www.bookdepository.com/Hobbit-Lord-Rings-J-R-R-Tolkien/9780544445789
Jujutsu Kaisen 0,Gege Akutami,$17.96,4.54,39495,https://www.bookdepository.com/Jujutsu-Kaisen-0-Gege-Akutami/9781974720149
Atomic Habits,James Clear,$31.24,4.38,583451,https://www.bookdepository.com/Atomic-Habits-James-Clear/9781847941831
The Song of Achilles,Madeline Miller,$21.09,4.37,1122130,https://www.bookdepository.com/Song-Achilles-Madeline-Miller/9781408891384
The Alloy of Law,Brandon Sanderson,$18.78,4.21,187422,https://www.bookdepository.com/Alloy-Law-Brandon-Sanderson/9780575105836
Shatter Me,Tahereh Mafi,$22.40,3.9,624770,https://www.bookdepository.com/Shatter-Me-Tahereh-Mafi/9780062085504
Berserk Deluxe Volume 1,Kentaro Miura,$94.45,4.62,6415,https://www.bookdepository.com/Berserk-Deluxe-1-Kentaro-Miura/9781506711980
JoJo's Bizarre Adventure,Hirohiko Araki,$36.01,4.35,2890,https://www.bookdepository.com/JoJos-Bizarre-Adventure-Hirohiko-Araki/9781421578828
"Solo Leveling, Vol. 1 (manga)",Chugong,$34.20,4.5,15262,https://www.bookdepository.com/Solo-Leveling-Vol-1-manga-Chugong/9781975319434
Lockwood & Co: The Hollow Boy,Jonathan Stroud,$19.27,4.38,19009,https://www.bookdepository.com/Lockwood-Co-Hollow-Boy-Jonathan-Stroud/9780552573146
On Writing,Stephen King,$20.17,4.33,268231,https://www.bookdepository.com/On-Writing-Stephen-King/9781444723250
Atomic Habits,James Clear,$31.24,4.38,583451,https://www.bookdepository.com/Atomic-Habits-James-Clear/9781847941831
Lessons in Chemistry,Bonnie Garmus,$21.52,4.36,411689,https://www.bookdepository.com/Lessons-Chemistry-Bonnie-Garmus/9781804990926
The Creative Act,Rick Rubin,$40.46,4.26,2421,https://www.bookdepository.com/Creative-Act-Rick-Rubin/9781838858636
Thousand Autumns: Qian Qiu (Novel) Vol. 1,Meng XI Shi,$28.73,4.37,67,https://www.bookdepository.com/Thousand-Autumns-Qian-Qiu-Novel-Vol-1-Meng-XI-Shi/9781638589327
Seven Husbands of Evelyn Hugo,Taylor Jenkins Reid,$20.05,4.46,1997861,https://www.bookdepository.com/Seven-Husbands-Evelyn-Hugo-Taylor-Jenkins-Reid/9781398515697
Things We Hide From The Light,Lucy Score,$21.68,4.27,39238,https://www.bookdepository.com/Things-We-Hide-From-Light-Lucy-Score/9781399713771
The Body Keeps the Score,Bessel van der Kolk,$26.96,4.45,124470,https://www.bookdepository.com/Body-Keeps-Score-Bessel-van-der-Kolk/9780141978611
Before the Coffee Gets Cold,Toshikazu Kawaguchi,$19.15,3.74,220207,https://www.bookdepository.com/Before-Coffee-Gets-Cold-Toshikazu-Kawaguchi/9781529029581
It Ends With Us: The most heartbreaking novel you'll ever read,Colleen Hoover,$19.78,4.29,2290192,https://www.bookdepository.com/It-Ends-With-Us-most-heartbreaking-novel-youll-ever-read-Colleen-Hoover/9781471156267
I'm a Fan,Sheena Patel,$17.78,3.77,1010,https://www.bookdepository.com/Im-Fan-Sheena-Patel/9781783789818
The Letters I Will Never Send,Isabella Dorta,$25.21,5,1,https://www.bookdepository.com/Letters-I-Will-Never-Send-Isabella-Dorta/9781529901061
Foster,Claire Keegan,$16.37,4.34,24165,https://www.bookdepository.com/Foster-Claire-Keegan/9780571379149
Things We Never Got Over,Lucy Score,$20.78,4.26,341303,https://www.bookdepository.com/Things-We-Never-Got-Over-Lucy-Score/9781399713740
Daisy Jones and The Six,Taylor Jenkins Reid,$22.29,4.24,964371,https://www.bookdepository.com/Daisy-Jones-Six-Taylor-Jenkins-Reid/9781787462144
"The Boy, The Mole, The Fox and The Horse",Charlie Mackesy,$33.88,4.56,148104,https://www.bookdepository.com/Boy-Mole-Fox-Horse-Charlie-Mackesy/9781529105100
Grandmaster of Demonic Cultivation: Mo Dao Zu Shi (Manhua) Vol. 1,Mo Xiang Tong Xiu,$27.33,4.46,517,https://www.bookdepository.com/Grandmaster-Demonic-Cultivation-Mo-Dao-Zu-Shi-Manhua-Vol-1-Mo-Xiang-Tong-Xiu/9781638585237
Icebreaker,Hannah Grace,$20.60,4.12,149636,https://www.bookdepository.com/Icebreaker-Hannah-Grace/9781398525689
The Psychology of Money,Morgan Housel,$25.65,4.38,103681,https://www.bookdepository.com/Psychology-Money-Morgan-Housel/9780857197689
Small Things Like These,Claire Keegan,$17.30,4.21,61952,https://www.bookdepository.com/Small-Things-Like-These-Claire-Keegan/9780571368709
Final Offer,Lauren Asher,$22.84,4.36,58207,https://www.bookdepository.com/Final-Offer-Lauren-Asher/9780349433479
Lessons in Chemistry,Bonnie Garmus,$21.52,4.36,411689,https://www.bookdepository.com/Lessons-Chemistry-Bonnie-Garmus/9781804990926
Things We Hide From The Light,Lucy Score,$21.68,4.27,39238,https://www.bookdepository.com/Things-We-Hide-From-Light-Lucy-Score/9781399713771
I'm a Fan,Sheena Patel,$17.78,3.77,1010,https://www.bookdepository.com/Im-Fan-Sheena-Patel/9781783789818
Grandmaster of Demonic Cultivation: Mo Dao Zu Shi (Manhua) Vol. 1,Mo Xiang Tong Xiu,$27.33,4.46,517,https://www.bookdepository.com/Grandmaster-Demonic-Cultivation-Mo-Dao-Zu-Shi-Manhua-Vol-1-Mo-Xiang-Tong-Xiu/9781638585237
I Don't Need Therapy,Toni Lodge,$36.37,4.5,118,https://www.bookdepository.com/I-Dont-Need-Therapy-Toni-Lodge/9781761067693
Cleopatra and Frankenstein,Coco Mellors,$23.35,3.94,28934,https://www.bookdepository.com/Cleopatra-Frankenstein-Coco-Mellors/9780008421793
Strange Sally Diamond,Liz Nugent,$33.93,4.55,711,https://www.bookdepository.com/Strange-Sally-Diamond-Liz-Nugent/9781844885961
Old Babes in the Wood,Margaret Atwood,$37.24,3.85,141,https://www.bookdepository.com/Old-Babes-Wood-Margaret-Atwood/9781784744854
Dirty Laundry,Richard Pink,$23.42,4.57,274,https://www.bookdepository.com/Dirty-Laundry-Richard-Pink/9781529915402
Strong Female Character,Fern Brady,$28.17,4.77,1287,https://www.bookdepository.com/Strong-Female-Character-Fern-Brady/9781914240447
Birnam Wood,Eleanor Catton,$35.69,3.98,438,https://www.bookdepository.com/Birnam-Wood-Eleanor-Catton/9781783784271
Feminism Against Progress,Mary Harrington,$30.26,4.42,12,https://www.bookdepository.com/Feminism-Against-Progress-Mary-Harrington/9781800752023
The Greatness Mindset,Lewis Howes,$35.32,4.93,58,https://www.bookdepository.com/Greatness-Mindset-Lewis-Howes/9781401971908
Why Women Grow,Alice Vincent,$32.74,4.08,13,https://www.bookdepository.com/Why-Women-Grow-Alice-Vincent/9781838855437
Time to Think,Hannah Barnes,$39.59,4.7,113,https://www.bookdepository.com/Time-Think-Hannah-Barnes/9781800751118
A Day of Fallen Night,Samantha Shannon,$45.79,4.6,443,https://www.bookdepository.com/Day-Fallen-Night-Samantha-Shannon/9781526619792
The Adventures of Amina Al-Sirafi,Shannon Chakraborty,$36.97,4.48,1390,https://www.bookdepository.com/Adventures-Amina-Al-Sirafi-Shannon-Chakraborty/9780062963505
The Girl Who Fell Beneath the Sea,Axie Oh,$18.19,4.16,33947,https://www.bookdepository.com/Girl-Who-Fell-Beneath-Sea-Axie-Oh/9781529391732
Never Never,Colleen Hoover,$20.31,4,92100,https://www.bookdepository.com/Never-Never-Colleen-Hoover/9780008620486
Teen Titans: Robin,Kami Garcia,$30.06,4.24,313,https://www.bookdepository.com/Teen-Titans-Robin-Kami-Garcia/9781779512246
The Adventures of Amina Al-Sirafi,Shannon Chakraborty,$40.97,4.48,1295,https://www.bookdepository.com/Adventures-Amina-Al-Sirafi-Shannon-Chakraborty/9780008381349
Enchantment,Katherine May,$29.71,4.03,284,https://www.bookdepository.com/Enchantment-Katherine-May/9780571378333
Babi Yar,Anatoly Kuznetsov,$32.38,4.32,1571,https://www.bookdepository.com/Babi-Yar-Anatoly-Kuznetsov/9781250883834
"Sasaki and Miyano, Vol. 7",Shou Harusono,$19.79,4.64,1229,https://www.bookdepository.com/Sasaki-Miyano-Vol-7-Shou-Harusono/9781975341947
Hags,Victoria Smith,$33.88,3.93,15,https://www.bookdepository.com/Hags-Victoria-Smith/9780349726960
In Memoriam,Alice Winn,$31.64,4.68,214,https://www.bookdepository.com/Memoriam-Alice-Winn/9780241567821
Me vs Brain,Hayley Morris,$34.03,4.43,263,https://www.bookdepository.com/Me-vs-Brain-Hayley-Morris/9781529196047
Grandmaster of Demonic Cultivation: Mo Dao Zu Shi (Novel) Vol. 5 (Special Edition),Mo Xiang Tong Xiu;,$26.99,4.69,718,https://www.bookdepository.com/Grandmaster-Demonic-Cultivation-Mo-Dao-Zu-Shi-Novel-Vol-5-Special-Edition-Mo-Xiang-Tong-Xiu/9781685798406
Outlive,Peter Attia,$32.93,4,1,https://www.bookdepository.com/Outlive-Peter-Attia/9781785044540
Heartless,Elsie Silver,$17.52,4.44,29522,https://www.bookdepository.com/Heartless-Elsie-Silver/9780349437682
Flawless,Elsie Silver,$16.75,4.23,31599,https://www.bookdepository.com/Flawless-Elsie-Silver/9780349437675
Powerless,Elsie Silver,$17.91,4.45,6120,https://www.bookdepository.com/Powerless-Elsie-Silver/9780349437705
"Elden Ring Official Strategy Guide, Vol. 2 : Shards of the Shattering",Future Press,$48.22,4.67,3,https://www.bookdepository.com/Elden-Ring-Official-Strategy-Guide-Vol-2-Shards-Shattering-Future-Press/9783869931197
The Shattered Lands,Brenna Nation,$21.56,4.65,101,https://www.bookdepository.com/Shattered-Lands-Brenna-Nation/9780241645260
Remnants of Filth: Yuwu (Novel) Vol. 1,Rou Bao Bu Chi Rou,$27.57,4.64,14,https://www.bookdepository.com/Remnants-Filth-Yuwu-Novel-Vol-1-Rou-Bao-Bu-Chi-Rou/9781685794675
Before the Coffee Gets Cold,Toshikazu Kawaguchi,$19.15,3.74,220207,https://www.bookdepository.com/Before-Coffee-Gets-Cold-Toshikazu-Kawaguchi/9781529029581
"The Boy, The Mole, The Fox and The Horse",Charlie Mackesy,$33.88,4.56,148104,https://www.bookdepository.com/Boy-Mole-Fox-Horse-Charlie-Mackesy/9781529105100
The Invisible String,Patrice Karst,$17.26,4.48,2698,https://www.bookdepository.com/Invisible-String-Patrice-Karst/9780316486231
12 Rules for Life,Jordan B. Peterson,$23.69,3.93,186263,https://www.bookdepository.com/12-Rules-for-Life-Jordan-B-Peterson/9780141988511
Once Upon A Broken Heart,Stephanie Garber,$19.76,4.14,92216,https://www.bookdepository.com/Once-Upon-Broken-Heart-Stephanie-Garber/9781529380941
If He Had Been with Me,Laura Nowlin,$21.98,4,66405,https://www.bookdepository.com/If-He-Had-Been-with-Me-Laura-Nowlin/9781728205489
Harry Potter Box Set: The Complete Collection (Children's Paperback),J. K. Rowling,$118.45,4.74,277394,https://www.bookdepository.com/Harry-Potter-Box-Set-Complete-Collection-Childrens-Paperback-J-K-Rowling/9781408856772
If We Were Villains: The Sensational TikTok Book Club pick,M. L. Rio,$21.68,4.23,154719,https://www.bookdepository.com/If-We-Were-Villains-Sensational-TikTok-Book-Club-pick-M-L-Rio/9781785656477
A Court of Thorns and Roses,Sarah J. Maas,$21.68,4.2,1397414,https://www.bookdepository.com/Court-Thorns-Roses-Sarah-J-Maas/9781526605399
A Good Girl's Guide to Murder,Holly Jackson,$21.30,4.35,553033,https://www.bookdepository.com/Good-Girls-Guide-Murder-Holly-Jackson/9781405293181
Six of Crows: Collector's Edition,Leigh Bardugo,$36.90,4.49,772260,https://www.bookdepository.com/Six-Crows-Collectors-Edition-Leigh-Bardugo/9781510106284
The Very Hungry Caterpillar,Eric Carle,$18.75,4.32,477184,https://www.bookdepository.com/Very-Hungry-Caterpillar-Eric-Carle/9780241003008
Better Than the Movies,Lynn Painter,$22.48,4.3,117886,https://www.bookdepository.com/Better-Than-Movies-Lynn-Painter/9781534467637
Crooked Kingdom Collector's Edition,Leigh Bardugo,$35.96,4.61,520180,https://www.bookdepository.com/Crooked-Kingdom-Collectors-Edition-Leigh-Bardugo/9781510107038
TummyTime (R): Happy Baby,Duopress Labs,$17.90,3.71,7,https://www.bookdepository.com/TummyTime-R-Happy-Baby-Duopress-Labs/9781947458796
The Girl Who Fell Beneath the Sea,Axie Oh,$18.19,4.16,33947,https://www.bookdepository.com/Girl-Who-Fell-Beneath-Sea-Axie-Oh/9781529391732
Where's Spot?,Eric Hill,$16.19,4.13,19025,https://www.bookdepository.com/Wheres-Spot-Eric-Hill/9780723263661
Teen Titans: Robin,Kami Garcia,$30.06,4.24,313,https://www.bookdepository.com/Teen-Titans-Robin-Kami-Garcia/9781779512246
The Ballad of Never After,Stephanie Garber,$33.74,4.56,47189,https://www.bookdepository.com/Ballad-Never-After-Stephanie-Garber/9781529380965
The Tiger Who Came to Tea,Judith Kerr,$14.08,4.25,16133,https://www.bookdepository.com/Tiger-Who-Came-Tea-Judith-Kerr/9780007215997
Tales from the Cafe,Toshikazu Kawaguchi,$18.88,4,34572,https://www.bookdepository.com/Tales-from-Cafe-Toshikazu-Kawaguchi/9781529050868
The Inheritance Games,Jennifer Lynn Barnes,$21.98,4.22,401582,https://www.bookdepository.com/Inheritance-Games-Jennifer-Lynn-Barnes/9780759555402
The Final Gambit,Jennifer Barnes,$24.64,4.18,127898,https://www.bookdepository.com/Final-Gambit-Jennifer-Barnes/9780316466301
The Last Bear,Hannah Gold,$19.27,4.32,3148,https://www.bookdepository.com/Last-Bear-Hannah-Gold/9780008411312
Escape from Mr. Lemoncello's Library,Chris Grabenstein,$17.98,4.13,52784,https://www.bookdepository.com/Escape-from-Mr-Lemoncellos-Library-Chris-Grabenstein/9780307931474
Trapped in a Dating Sim: The World of Otome Games is Tough for Mobs (Light Novel) Vol. 2,Yomu Mishima,$27.98,4.41,462,https://www.bookdepository.com/Trapped-Dating-Sim-World-Otome-Games-is-Tough-for-Mobs-Light-Novel-Vol-2-Yomu-Mishima/9781648271977
Tabby McTat,Julia Donaldson,$18.13,4.11,2194,https://www.bookdepository.com/Tabby-McTat-Julia-Donaldson/9781407170701
Have You Filled A Bucket Today?,Carol McCloud,$18.26,4.41,5434,https://www.bookdepository.com/Have-You-Filled-Bucket-Today-Carol-McCloud/9780996099936
Totally Kosher,Chanie Apfelbaum,$65.62,5,1,https://www.bookdepository.com/Totally-Kosher-Chanie-Apfelbaum/9780593232613
Bored of Lunch: The Healthy Slow Cooker Book,Nathan Anthony,$40.43,4.35,20,https://www.bookdepository.com/Bored-Lunch-Healthy-Slow-Cooker-Book-Nathan-Anthony/9781529903546
Death to Jar Sauce,Nat's What I Reckon,$30.85,4.46,70,https://www.bookdepository.com/Death-Jar-Sauce-Nats-What-I-Reckon/9781761045820
Glucose Goddess Method,Jessie Inchauspe,$35.64,4,6,https://www.bookdepository.com/Glucose-Goddess-Method-Jessie-Inchauspe/9781668024522
Unreasonable Hospitality,Will Guidara,$41.24,4.53,1147,https://www.bookdepository.com/Unreasonable-Hospitality-Will-Guidara/9780593418574
Sabai,Pailin Chongchitnant,$60.00,5,1,https://www.bookdepository.com/Sabai-Pailin-Chongchitnant/9780525611714
Of Cabbages and Kimchi,James Read,$39.43,5,1,https://www.bookdepository.com/Cabbages-Kimchi-James-Read/9780241455005
How to make the best coffee at home,James Hoffmann,$32.35,4.42,662,https://www.bookdepository.com/How-make-best-coffee-at-home-James-Hoffmann/9781784727246
Bored of Lunch: The Healthy Air Fryer Book,Nathan Anthony,$40.38,5,2,https://www.bookdepository.com/Bored-Lunch-Healthy-Air-Fryer-Book-Nathan-Anthony/9781529903522
Allen Carr's Easy Way to Stop Smoking,Allen Carr,$20.77,4.25,13617,https://www.bookdepository.com/Allen-Carrs-Easy-Way-Stop-Smoking-Allen-Carr/9781405923316
Medical Medium Liver Rescue,Anthony William,$73.34,4.13,2044,https://www.bookdepository.com/Medical-Medium-Liver-Rescue-Anthony-William/9781401954406
PlantYou,Carleigh Bodrug,$53.70,4.46,504,https://www.bookdepository.com/PlantYou-Carleigh-Bodrug/9780306923043
Taste,Stanley Tucci,$21.24,4.23,52304,https://www.bookdepository.com/Taste-Stanley-Tucci/9780241501009
Food for Life,Tim Spector,$44.88,4.21,19,https://www.bookdepository.com/Food-for-Life-Tim-Spector/9781787330498
Ottolenghi SIMPLE,Yotam Ottolenghi,$66.47,4.29,8012,https://www.bookdepository.com/Ottolenghi-SIMPLE-Yotam-Ottolenghi/9781785031168
The Waiting Game,Txema Salvans,$136.15,5,2,https://www.bookdepository.com/Waiting-Game-Txema-Salvans/9786078295050
Colega,Elena G. González,$61.10,3,2,https://www.bookdepository.com/Colega-Elena-G-González/9788477116721
Reina de sombras,"MAAS, SARAH J.",$35.90,4.56,463333,https://www.bookdepository.com/Reina-de-sombras-MAAS-SARAH-J/9786073152464
Trilogía Nacidos de la Bruma [Mistborn] (pack con: El imperio final | El pozo de la Ascensión | El héroe de las Eras),Brandon Sanderson,$65.77,4.59,49329,https://www.bookdepository.com/Trilogía-Nacidos-de-la-Bruma-Mistborn-pack-con-El-imperio-final-El-pozo-de-la-Ascensión-El-héroe-de-las-Eras-Brandon-Sanderson/9788413143187
Los Cuatro Acuerdos,Miguel Ruiz,$25.25,4.18,328867,https://www.bookdepository.com/Los-Cuatro-Acuerdos-Miguel-Ruiz/9788479532536
Como Hacer Que Te Pasen Cosas Buenas,Marian Rojas,$31.70,4.13,6034,https://www.bookdepository.com/Como-Hacer-Que-Te-Pasen-Cosas-Buenas-Marian-Rojas/9786070756924
CHAINSAW MAN 12,Tatsuki Fujimoto,$25.24,4.34,2342,https://www.bookdepository.com/CHAINSAW-MAN-12-Tatsuki-Fujimoto/9788467959741
GRANDMASTER OF DEMONIC CULTIVATION 02 (MO DAO ZU SHI).,MO XIANG TONG XIU,$39.86,4.66,167,https://www.bookdepository.com/GRANDMASTER-DEMONIC-CULTIVATION-02-MO-DAO-ZU-SHI-MO-XIANG-TONG-XIU/9788467958416
Novela Secreta 2,Brandon Sanderson,$27.36,4,12,https://www.bookdepository.com/Novela-Secreta-2-Brandon-Sanderson/9788418037900
Pelo de Gato,Elvia Ardalani,$46.23,5,3,https://www.bookdepository.com/Pelo-de-Gato-Elvia-Ardalani/9788412407846
Diabetes sin problemas. El control de la diabetes con la ayuda del poder del metabolismo,Frank Suárez,$33.93,4.43,63,https://www.bookdepository.com/Diabetes-sin-problemas-El-control-de-la-diabetes-con-la-ayuda-del-poder-del-metabolismo-Frank-Suárez/9780988221864
"Biblia Ultrafina, Nbla, Letra Gigante, Leathersoft, Negro, Letra Roja / Spanish Ultrathin Holy Bible, Nbla, Gp, Leathersoft, Black, Letter Edition",Nbla-Nueva Biblia de Las Américas,$63.53,5,3,https://www.bookdepository.com/Biblia-Ultrafina-Nbla-Letra-Gigante-Leathersoft-Negro-Letra-Roja-Spanish-Ultrathin-Holy-Bible-Nbla-Gp-Leathersoft-Black-Letter-Edition-Nbla-Nueva-Biblia-de-Las-Américas/9780829770155
